                  epoch,         train/box_loss,         train/cls_loss,         train/dfl_loss,   metrics/precision(B),      metrics/recall(B),       metrics/mAP50(B),    metrics/mAP50-95(B),           val/box_loss,           val/cls_loss,           val/dfl_loss,                 lr/pg0,                 lr/pg1,                 lr/pg2
                      1,                0.92989,                 2.1115,                  1.132,                0.98442,                0.97641,                0.99124,                0.76856,                0.82534,                 2.1838,                 1.0378,             0.00036681,             0.00036681,             0.00036681
                      2,                0.90532,                  1.152,                 1.0664,                0.99229,                0.99829,                0.99271,                0.77275,                0.84392,                 1.1464,                 1.0261,             0.00072984,             0.00072984,             0.00072984
                      3,                0.88437,                0.95446,                 1.0488,                0.99456,                0.99829,                0.99252,                0.78859,                0.78717,                0.90275,                 1.0199,              0.0010855,              0.0010855,              0.0010855
                      4,                0.86509,                0.79579,                 1.0335,                0.97989,                0.99543,                0.99289,                0.77326,                0.83564,                0.80979,                 1.0358,               0.001078,               0.001078,               0.001078
                      5,                0.83937,                0.68101,                  1.022,                0.99431,                0.99829,                0.99324,                 0.7924,                0.77686,                0.57154,                 1.0015,               0.001067,               0.001067,               0.001067
